197024,AE
197381,AE
198129,AE
198157,AE
198247,AE
198381,AE
198394,AE
198398,AE
198503,AE
198504,AE
198861,AE
199878,AE
200851,AE
201340,AE
201645,AE
201678,AE
201700,AE
202024,AE
202041,AE
25465,AE
33847,AE
35086,AE
39031,AE
41152,AE
44703,AE
47201,AE
47862,AE
50602,AE
50811,AE
51182,AE
52216,AE
5384,AE
5613,AE
56479,AE
57143,AE
57163,AE
57171,AE
57187,AE
57585,AE
57702,AE
58283,AE
58287,AE
59536,AE
59695,AE
59868,AE
60051,AE
60080,AE
60117,AE
60140,AE
60924,AE
61137,AE
61963,AE
62049,AE
8966,AE
