12763,BE
12942,BE
13088,BE
13226,BE
15383,BE
15442,BE
15583,BE
15681,BE
15776,BE
15983,BE
16194,BE
16294,BE
16326,BE
196755,BE
196760,BE
196987,BE
197429,BE
197483,BE
197690,BE
197949,BE
198559,BE
198847,BE
198946,BE
198985,BE
199095,BE
199116,BE
199541,BE
199670,BE
199777,BE
199796,BE
199942,BE
200099,BE
200116,BE
200133,BE
200146,BE
200177,BE
200884,BE
200911,BE
201050,BE
201067,BE
201110,BE
201168,BE
201205,BE
201338,BE
201366,BE
201859,BE
201887,BE
201894,BE
201984,BE
202118,BE
202191,BE
202225,BE
20501,BE
20601,BE
20650,BE
21108,BE
21139,BE
21175,BE
21239,BE
21373,BE
21424,BE
21489,BE
24998,BE
25024,BE
25136,BE
25147,BE
25194,BE
25344,BE
25428,BE
2611,BE
28691,BE
28704,BE
28707,BE
28747,BE
28827,BE
28988,BE
29005,BE
29139,BE
29435,BE
29533,BE
29587,BE
29595,BE
30961,BE
31154,BE
31237,BE
31241,BE
31309,BE
31449,BE
31511,BE
31612,BE
31651,BE
31669,BE
31713,BE
3173,BE
3304,BE
33864,BE
34144,BE
34167,BE
34762,BE
34958,BE
35001,BE
35040,BE
35056,BE
35230,BE
35593,BE
35627,BE
35733,BE
35821,BE
39234,BE
39318,BE
39579,BE
39628,BE
39804,BE
39923,BE
41008,BE
41035,BE
41135,BE
41233,BE
41282,BE
41293,BE
41471,BE
41604,BE
41756,BE
41778,BE
42018,BE
42030,BE
42160,BE
42329,BE
42628,BE
42744,BE
42792,BE
42851,BE
43076,BE
43256,BE
43581,BE
43719,BE
43751,BE
43759,BE
44140,BE
44312,BE
44806,BE
44944,BE
47377,BE
47537,BE
47861,BE
48075,BE
48137,BE
48260,BE
48315,BE
48408,BE
48517,BE
48638,BE
49046,BE
49285,BE
49333,BE
49621,BE
49677,BE
49964,BE
50083,BE
50156,BE
50675,BE
50857,BE
50906,BE
50998,BE
51796,BE
5432,BE
5463,BE
5488,BE
56675,BE
56693,BE
56799,BE
56808,BE
56837,BE
57948,BE
58122,BE
59547,BE
59827,BE
59889,BE
60436,BE
60735,BE
60765,BE
60780,BE
61023,BE
62325,BE
62383,BE
62424,BE
6696,BE
6716,BE
6774,BE
6848,BE
8201,BE
8221,BE
8368,BE
8476,BE
9031,BE
9166,BE
9208,BE
