12441,IL
12491,IL
12619,IL
12736,IL
12749,IL
12753,IL
12802,IL
12849,IL
12988,IL
13073,IL
13074,IL
13093,IL
13240,IL
15504,IL
15526,IL
15643,IL
15686,IL
15708,IL
15823,IL
15976,IL
16061,IL
16116,IL
16158,IL
16240,IL
16370,IL
1680,IL
196828,IL
197012,IL
197538,IL
197797,IL
197819,IL
198087,IL
198114,IL
198425,IL
198482,IL
198484,IL
198773,IL
198893,IL
198949,IL
198986,IL
199267,IL
199270,IL
199391,IL
199989,IL
200742,IL
201093,IL
201156,IL
201415,IL
201660,IL
201833,IL
201857,IL
202102,IL
202122,IL
202145,IL
20598,IL
20623,IL
20645,IL
20800,IL
20841,IL
21042,IL
21174,IL
21350,IL
21363,IL
21450,IL
21486,IL
24890,IL
25003,IL
25046,IL
25125,IL
25237,IL
25565,IL
28783,IL
28799,IL
28833,IL
29149,IL
29165,IL
29410,IL
29585,IL
30744,IL
30866,IL
31092,IL
31162,IL
31391,IL
31417,IL
31578,IL
3288,IL
33802,IL
33914,IL
34380,IL
34583,IL
34598,IL
34852,IL
34886,IL
35016,IL
35091,IL
35243,IL
35392,IL
35435,IL
35438,IL
35532,IL
35541,IL
35553,IL
35560,IL
378,IL
39159,IL
39213,IL
39274,IL
39343,IL
39768,IL
41116,IL
41394,IL
41714,IL
41923,IL
41924,IL
41927,IL
42243,IL
42254,IL
42384,IL
42475,IL
42647,IL
42793,IL
42925,IL
42976,IL
43165,IL
43194,IL
43381,IL
43423,IL
43438,IL
43514,IL
43739,IL
43842,IL
43871,IL
44282,IL
44367,IL
44427,IL
44435,IL
44669,IL
44709,IL
44846,IL
47135,IL
47256,IL
47461,IL
47665,IL
47766,IL
47770,IL
47776,IL
47956,IL
47961,IL
47997,IL
48068,IL
48163,IL
48627,IL
49069,IL
49076,IL
49308,IL
49391,IL
49456,IL
49484,IL
49587,IL
49771,IL
49794,IL
49993,IL
50006,IL
50079,IL
50081,IL
50237,IL
50365,IL
50454,IL
50463,IL
50744,IL
50865,IL
50995,IL
51082,IL
51304,IL
51385,IL
51651,IL
51825,IL
5486,IL
5540,IL
5585,IL
56378,IL
56521,IL
56596,IL
56804,IL
56839,IL
56914,IL
57035,IL
57259,IL
57666,IL
57721,IL
57727,IL
57731,IL
57862,IL
58268,IL
59648,IL
60636,IL
60886,IL
61102,IL
61149,IL
62112,IL
6810,IL
8203,IL
8551,IL
8738,IL
8867,IL
8894,IL
8958,IL
9071,IL
9116,IL
