10077,IN
10125,IN
10199,IN
10201,IN
10215,IN
10225,IN
10239,IN
131169,IN
131170,IN
131181,IN
131190,IN
131210,IN
131215,IN
131222,IN
131226,IN
131232,IN
131235,IN
131255,IN
131256,IN
131262,IN
131263,IN
131265,IN
131283,IN
131302,IN
131308,IN
131314,IN
131317,IN
131442,IN
131458,IN
131459,IN
131468,IN
131473,IN
131787,IN
131788,IN
131993,IN
132004,IN
132005,IN
132028,IN
132041,IN
132043,IN
132051,IN
132052,IN
132065,IN
132075,IN
132108,IN
132116,IN
132121,IN
132122,IN
132135,IN
132137,IN
132144,IN
132151,IN
132152,IN
132166,IN
132171,IN
132175,IN
132208,IN
132215,IN
132220,IN
132224,IN
132234,IN
132239,IN
132251,IN
132272,IN
132278,IN
132282,IN
132303,IN
132308,IN
132317,IN
132322,IN
132323,IN
132329,IN
132335,IN
132338,IN
132343,IN
132346,IN
132349,IN
132351,IN
132377,IN
132378,IN
132387,IN
132388,IN
132390,IN
132410,IN
132415,IN
132417,IN
132420,IN
132423,IN
132440,IN
132441,IN
132445,IN
132453,IN
132459,IN
132477,IN
132497,IN
132507,IN
132515,IN
132516,IN
132518,IN
132519,IN
132520,IN
132524,IN
132527,IN
132535,IN
132539,IN
132540,IN
132542,IN
132547,IN
132556,IN
132559,IN
132561,IN
132562,IN
132564,IN
132566,IN
132567,IN
132568,IN
132571,IN
132572,IN
132587,IN
132613,IN
132711,IN
132717,IN
132747,IN
132751,IN
132753,IN
132754,IN
132756,IN
132759,IN
132760,IN
132761,IN
132763,IN
132768,IN
132770,IN
132772,IN
132774,IN
132777,IN
132779,IN
132780,IN
132781,IN
132783,IN
132784,IN
132785,IN
132787,IN
132830,IN
132860,IN
132867,IN
132871,IN
132878,IN
132893,IN
132911,IN
132923,IN
132924,IN
132927,IN
132931,IN
132933,IN
132935,IN
132937,IN
132939,IN
132941,IN
132943,IN
132944,IN
132945,IN
132946,IN
132948,IN
132950,IN
132952,IN
132954,IN
132957,IN
132960,IN
132961,IN
132962,IN
132963,IN
132964,IN
132965,IN
132968,IN
132969,IN
132970,IN
132971,IN
132972,IN
132974,IN
132976,IN
132977,IN
132978,IN
132981,IN
132984,IN
132986,IN
132990,IN
132994,IN
132995,IN
132996,IN
132998,IN
133000,IN
133001,IN
133002,IN
133003,IN
133005,IN
133006,IN
133007,IN
133008,IN
133010,IN
133028,IN
133036,IN
133037,IN
133055,IN
133087,IN
133183,IN
133225,IN
133226,IN
133227,IN
133228,IN
133229,IN
133230,IN
133232,IN
133233,IN
133234,IN
133236,IN
133238,IN
133239,IN
133240,IN
133241,IN
133242,IN
133245,IN
133246,IN
133247,IN
133249,IN
133251,IN
133252,IN
133253,IN
133255,IN
133256,IN
133257,IN
133258,IN
133259,IN
133260,IN
133262,IN
133266,IN
133268,IN
133269,IN
133270,IN
133271,IN
133272,IN
133273,IN
133274,IN
133275,IN
133276,IN
133278,IN
133281,IN
133282,IN
133283,IN
133285,IN
133288,IN
133293,IN
133295,IN
133296,IN
133297,IN
133298,IN
133301,IN
133304,IN
133305,IN
133306,IN
133307,IN
133309,IN
133313,IN
133314,IN
133317,IN
133318,IN
133388,IN
133412,IN
133469,IN
133491,IN
133505,IN
133506,IN
133520,IN
133552,IN
133589,IN
133590,IN
133591,IN
133592,IN
133593,IN
133596,IN
133597,IN
133598,IN
133638,IN
133643,IN
133644,IN
133645,IN
133647,IN
133648,IN
133649,IN
133650,IN
133651,IN
133655,IN
133657,IN
133658,IN
133660,IN
133661,IN
133664,IN
133665,IN
133667,IN
133668,IN
133671,IN
133672,IN
133676,IN
133678,IN
133680,IN
133683,IN
133684,IN
133685,IN
133689,IN
133692,IN
133693,IN
133695,IN
133698,IN
133699,IN
133700,IN
133701,IN
133703,IN
133706,IN
133707,IN
133708,IN
133709,IN
133710,IN
133712,IN
133713,IN
133715,IN
133716,IN
133717,IN
133718,IN
133720,IN
133721,IN
133723,IN
133724,IN
133726,IN
133727,IN
133768,IN
133856,IN
133961,IN
133962,IN
133963,IN
133964,IN
133966,IN
133967,IN
133968,IN
133969,IN
133971,IN
133972,IN
133973,IN
133974,IN
133976,IN
133977,IN
133978,IN
133980,IN
133981,IN
133982,IN
133984,IN
133986,IN
133988,IN
133989,IN
133990,IN
133992,IN
133994,IN
133995,IN
133998,IN
133999,IN
134000,IN
134001,IN
134002,IN
134004,IN
134006,IN
134007,IN
134008,IN
134009,IN
134010,IN
134011,IN
134012,IN
134014,IN
134015,IN
134018,IN
134019,IN
134020,IN
134021,IN
134023,IN
134024,IN
134027,IN
134030,IN
134035,IN
134036,IN
134040,IN
134043,IN
134047,IN
134048,IN
134050,IN
134056,IN
134057,IN
134059,IN
134122,IN
134173,IN
134235,IN
134306,IN
134411,IN
134426,IN
17423,IN
17426,IN
17436,IN
17439,IN
17443,IN
17447,IN
17453,IN
17465,IN
17466,IN
17483,IN
17488,IN
17495,IN
17624,IN
17625,IN
17648,IN
17665,IN
17747,IN
17748,IN
17753,IN
17754,IN
17762,IN
17771,IN
17783,IN
17786,IN
17803,IN
17810,IN
17813,IN
17815,IN
17818,IN
17820,IN
17825,IN
17830,IN
17903,IN
17908,IN
17912,IN
17913,IN
17917,IN
18002,IN
18008,IN
18064,IN
18101,IN
18105,IN
18120,IN
18166,IN
18167,IN
18196,IN
18207,IN
18209,IN
18211,IN
18223,IN
18225,IN
18229,IN
23658,IN
23664,IN
23682,IN
23768,IN
23770,IN
23772,IN
23860,IN
23870,IN
23872,IN
23901,IN
23903,IN
23941,IN
23957,IN
23976,IN
23984,IN
23994,IN
24003,IN
24004,IN
24041,IN
24049,IN
24055,IN
24080,IN
24084,IN
24103,IN
24109,IN
24127,IN
24178,IN
24185,IN
24186,IN
24193,IN
24216,IN
24222,IN
24309,IN
24332,IN
24374,IN
24391,IN
24392,IN
24397,IN
24448,IN
24468,IN
24471,IN
24485,IN
24501,IN
24515,IN
24539,IN
24554,IN
24558,IN
24560,IN
24574,IN
2697,IN
37934,IN
37982,IN
38000,IN
38015,IN
38021,IN
38029,IN
38053,IN
38058,IN
38139,IN
38174,IN
38185,IN
38188,IN
38191,IN
38204,IN
38205,IN
38207,IN
38219,IN
38224,IN
38233,IN
38241,IN
38261,IN
38266,IN
38271,IN
38275,IN
38306,IN
38310,IN
38312,IN
38314,IN
38324,IN
38457,IN
38461,IN
38468,IN
38476,IN
38529,IN
38536,IN
38538,IN
38546,IN
38557,IN
38571,IN
38573,IN
38594,IN
38596,IN
38625,IN
38720,IN
38743,IN
38746,IN
38799,IN
38810,IN
38857,IN
38872,IN
38874,IN
38902,IN
38907,IN
45117,IN
45119,IN
45148,IN
45150,IN
45153,IN
45154,IN
45161,IN
45184,IN
45189,IN
45194,IN
45196,IN
45202,IN
45205,IN
45210,IN
45219,IN
45232,IN
45235,IN
45243,IN
45264,IN
45271,IN
45272,IN
45284,IN
45334,IN
45335,IN
45337,IN
45340,IN
45350,IN
45357,IN
45415,IN
45417,IN
45432,IN
45433,IN
45466,IN
45469,IN
45487,IN
45491,IN
45513,IN
45514,IN
45518,IN
45519,IN
45525,IN
45526,IN
45528,IN
45535,IN
45536,IN
45573,IN
45574,IN
45582,IN
45591,IN
45596,IN
45609,IN
45624,IN
45625,IN
45635,IN
45636,IN
45644,IN
45648,IN
45649,IN
45655,IN
45660,IN
45661,IN
45663,IN
45666,IN
45670,IN
45693,IN
45694,IN
45742,IN
45747,IN
45749,IN
45760,IN
45765,IN
45767,IN
45769,IN
45774,IN
45775,IN
45801,IN
45804,IN
45813,IN
45815,IN
45820,IN
45825,IN
45830,IN
45841,IN
45850,IN
45851,IN
45853,IN
45854,IN
45857,IN
45863,IN
45884,IN
45885,IN
45915,IN
45916,IN
45927,IN
45942,IN
45944,IN
45954,IN
45955,IN
46068,IN
46071,IN
4755,IN
4758,IN
55296,IN
55333,IN
55341,IN
55351,IN
55352,IN
55353,IN
55360,IN
55410,IN
55428,IN
55429,IN
55433,IN
55441,IN
55446,IN
55448,IN
55459,IN
55470,IN
55474,IN
55479,IN
55494,IN
55507,IN
55510,IN
55526,IN
55529,IN
55535,IN
55563,IN
55566,IN
55570,IN
55574,IN
55577,IN
55578,IN
55644,IN
55709,IN
55711,IN
55712,IN
55713,IN
55717,IN
55734,IN
55740,IN
55741,IN
55757,IN
55764,IN
55779,IN
55780,IN
55782,IN
55804,IN
55806,IN
55814,IN
55823,IN
55824,IN
55831,IN
55832,IN
55836,IN
55839,IN
55847,IN
55862,IN
55879,IN
55917,IN
55918,IN
55947,IN
56056,IN
56061,IN
56064,IN
56077,IN
56093,IN
56107,IN
56108,IN
56110,IN
56124,IN
56166,IN
56193,IN
56202,IN
56209,IN
56211,IN
56224,IN
56268,IN
56272,IN
56283,IN
56285,IN
56290,IN
56312,IN
58371,IN
58405,IN
58419,IN
58428,IN
58429,IN
58432,IN
58438,IN
58442,IN
58457,IN
58462,IN
58522,IN
58529,IN
58537,IN
58590,IN
58592,IN
58594,IN
58597,IN
58640,IN
58641,IN
58659,IN
58664,IN
58678,IN
58700,IN
58702,IN
58703,IN
58714,IN
58725,IN
58759,IN
58760,IN
58761,IN
58762,IN
58766,IN
58872,IN
58875,IN
58880,IN
58897,IN
58898,IN
58902,IN
58904,IN
58906,IN
58909,IN
58949,IN
58963,IN
58964,IN
58965,IN
58966,IN
58972,IN
58976,IN
58984,IN
58986,IN
59161,IN
59162,IN
59164,IN
59165,IN
59166,IN
59169,IN
59170,IN
59171,IN
59172,IN
59179,IN
59181,IN
59193,IN
59195,IN
59196,IN
59212,IN
59215,IN
59216,IN
59221,IN
59261,IN
59327,IN
59335,IN
63935,IN
7487,IN
7633,IN
9223,IN
9227,IN
9238,IN
9285,IN
9396,IN
9414,IN
9430,IN
9498,IN
9501,IN
9580,IN
9583,IN
9653,IN
9666,IN
9730,IN
9752,IN
9796,IN
9829,IN
9830,IN
9836,IN
9885,IN
9941,IN
