15836,MD
197357,MD
200019,MD
200189,MD
200640,MD
25129,MD
25319,MD
25454,MD
25527,MD
28990,MD
31204,MD
31252,MD
31557,MD
34269,MD
34645,MD
35346,MD
35525,MD
35529,MD
39279,MD
39526,MD
39798,MD
41053,MD
41879,MD
43285,MD
43289,MD
43588,MD
43831,MD
43870,MD
43925,MD
47729,MD
47932,MD
48232,MD
48480,MD
48506,MD
48691,MD
48749,MD
49527,MD
49560,MD
49691,MD
50560,MD
50968,MD
50976,MD
51014,MD
51056,MD
51141,MD
51713,MD
51770,MD
51846,MD
51954,MD
52097,MD
56383,MD
56491,MD
56772,MD
56792,MD
57598,MD
57776,MD
58118,MD
58311,MD
60127,MD
60405,MD
60456,MD
60602,MD
61059,MD
61062,MD
61077,MD
61208,MD
61334,MD
62013,MD
62053,MD
62071,MD
62154,MD
62232,MD
62281,MD
62337,MD
62375,MD
62406,MD
62446,MD
8474,MD
8917,MD
8926,MD
9199,MD
