10798,ZA
10803,ZA
11157,ZA
11744,ZA
11845,ZA
12091,ZA
12258,ZA
134384,ZA
14115,ZA
15022,ZA
16416,ZA
16637,ZA
17148,ZA
18931,ZA
19832,ZA
2018,ZA
21739,ZA
22355,ZA
22386,ZA
22572,ZA
22750,ZA
23058,ZA
25818,ZA
26106,ZA
26422,ZA
26754,ZA
28698,ZA
2905,ZA
29918,ZA
29975,ZA
3067,ZA
32437,ZA
32653,ZA
327693,ZA
327698,ZA
327701,ZA
327715,ZA
327726,ZA
327733,ZA
327737,ZA
327745,ZA
327749,ZA
327750,ZA
327751,ZA
327754,ZA
327761,ZA
327767,ZA
327772,ZA
327777,ZA
327781,ZA
327782,ZA
327783,ZA
327785,ZA
327787,ZA
327790,ZA
327791,ZA
327804,ZA
327805,ZA
327808,ZA
327811,ZA
327812,ZA
327813,ZA
327817,ZA
327822,ZA
327824,ZA
327825,ZA
327826,ZA
327839,ZA
327840,ZA
327841,ZA
327849,ZA
327850,ZA
327858,ZA
327872,ZA
327878,ZA
327892,ZA
327893,ZA
327894,ZA
327897,ZA
327901,ZA
327911,ZA
33762,ZA
33769,ZA
33790,ZA
36874,ZA
36877,ZA
36883,ZA
36889,ZA
36898,ZA
36916,ZA
36919,ZA
36937,ZA
36943,ZA
36944,ZA
36951,ZA
36953,ZA
36968,ZA
36980,ZA
36982,ZA
36983,ZA
36985,ZA
36994,ZA
37007,ZA
37016,ZA
37028,ZA
37049,ZA
37053,ZA
37055,ZA
37074,ZA
37078,ZA
37079,ZA
37105,ZA
37116,ZA
37121,ZA
37130,ZA
37150,ZA
37153,ZA
37157,ZA
37159,ZA
37160,ZA
37168,ZA
37172,ZA
37179,ZA
37180,ZA
37199,ZA
37225,ZA
37235,ZA
37236,ZA
37238,ZA
37239,ZA
37251,ZA
37253,ZA
37254,ZA
37259,ZA
37266,ZA
37271,ZA
37275,ZA
37276,ZA
37302,ZA
37312,ZA
37314,ZA
37315,ZA
37316,ZA
37317,ZA
37333,ZA
37334,ZA
37353,ZA
37356,ZA
37357,ZA
37358,ZA
37363,ZA
37368,ZA
37379,ZA
37394,ZA
37399,ZA
37402,ZA
37403,ZA
3741,ZA
37411,ZA
37412,ZA
37413,ZA
37417,ZA
37422,ZA
37438,ZA
37439,ZA
37457,ZA
37474,ZA
37479,ZA
37482,ZA
37484,ZA
37488,ZA
37491,ZA
37497,ZA
37501,ZA
37511,ZA
37515,ZA
37519,ZA
37520,ZA
37523,ZA
37525,ZA
37542,ZA
37546,ZA
37549,ZA
37564,ZA
37589,ZA
37595,ZA
37596,ZA
37597,ZA
37599,ZA
37611,ZA
37618,ZA
37624,ZA
37627,ZA
37628,ZA
37630,ZA
37634,ZA
37639,ZA
37640,ZA
37650,ZA
37652,ZA
37653,ZA
37656,ZA
37658,ZA
37663,ZA
37667,ZA
37670,ZA
37673,ZA
37675,ZA
37680,ZA
37691,ZA
5713,ZA
5734,ZA
6083,ZA
61092,ZA
6187,ZA
6968,ZA
7020,ZA
7154,ZA
8094,ZA
9129,ZA
