8220,GB
8222,DE
43931,HU
49542,RU
6873,PL
47213,RU
50607,PL
52041,RU
34221,RU
36236,US
12859,NL
43283,RO
34424,PL
20632,RU
8422,DE
60104,RO
197503,PL
41267,CZ
41268,RU
60101,PL
8218,FR
60106,PL
41264,CH
262254,BZ
49149,PL
8732,RU
34212,PL
6880,RU
6881,CZ
33943,CZ
3289,RO
20640,DE
199657,CZ
52234,CL
57254,PL
6876,UA
47913,CZ
29318,PL
49141,PL
49140,RU
8410,RU
34208,PL
36692,US
8246,PL
43914,PL
29000,RU
28851,CZ
199670,BE
43267,RU
8241,RU
20932,CH
6886,UA
28853,RO
20655,RU
12874,IT
49136,RU
8447,AT
52016,RU
8426,GB
20938,PL
36224,US
8752,RU
20946,RU
20940,US
49125,UA
49124,RU
12883,UA
43248,SK
43973,RU
34462,SK
57288,CZ
41028,RO
41024,RU
49118,RU
199405,CZ
42118,PL
51902,CZ
51278,CZ
51277,PL
41224,GE
39087,RU
33991,RU
8468,GB
51275,HU
33996,PL
49508,RU
199604,CZ
34469,RO
9304,HK
57487,RU
199600,CZ
57488,PL
49505,RU
13101,DE
39085,PL
13105,RU
57287,CZ
34451,RO
41802,RU
62315,RO
57494,RU
3252,GB
199410,PL
42120,HU
40966,RU
15380,CZ
16246,CZ
51904,RU
41235,PL
49101,CZ
50661,PL
34456,RU
50668,RO
43250,UA
2115,PL
43222,UA
13121,UA
8515,RU
62308,PL
57463,BG
41832,RO
43226,RU
8518,CZ
15377,UA
62302,RO
40975,RO
60592,CZ
39608,UA
8075,US
41004,PL
39896,CZ
29520,RU
8905,RU
34443,SK
47232,CZ
50825,CZ
57265,RO
3257,DE
50398,CZ
57472,CZ
57279,CZ
199436,PL
41824,CZ
29530,RU
8913,CZ
29531,SK
51246,RU
34431,PL
50643,UA
20985,RU
51248,NL
41218,PL
3267,RU
41476,PL
49342,RU
41475,RU
47989,RU
50698,CZ
8928,GB
44867,RO
8926,MD
39045,RU
43404,RU
39046,RU
39047,UA
60771,RU
199069,PL
54189,US
31559,CZ
60388,RU
43015,PL
39243,PL
43727,RU
60380,PL
198962,PL
43203,CZ
43413,CZ
8491,RU
8492,RU
59949,HU
48091,CZ
12654,EU
47493,CZ
48095,RO
48096,RU
197798,CZ
41468,PL
8932,AM
44859,PL
21367,RU
198199,PL
47694,UA
19151,US
197599,PL
8299,RU
58153,RO
198953,CZ
41842,RU
201253,PL
43007,RO
43008,RO
59401,RO
50677,RU
44843,RU
3216,RU
202131,CZ
41453,CZ
50163,CZ
47667,RO
35538,PL
35539,RU
50167,RU
48848,RU
29086,CZ
41046,CZ
39442,RU
201263,CZ
198982,PL
44070,CZ
43705,PL
202144,RU
43708,CZ
44830,RO
59925,CZ
35522,RU
43709,CZ
47263,RO
56973,CZ
60764,RU
44281,RU
52092,CZ
25091,CH
199059,CZ
41446,RU
25093,CZ
199860,RU
48076,RU
35725,RO
198979,PL
31529,DE
198977,CZ
43710,HU
60357,RU
9176,RO
21045,CZ
43714,RU
39456,SK
35720,PL
39453,CZ
42145,RU
35723,RU
25511,RU
201926,CZ
25512,CZ
201924,SK
47949,CZ
47440,RU
47441,RU
43443,RO
35792,HU
42194,PL
28876,DE
42640,RO
52084,CZ
49588,UA
35511,RU
199490,CZ
48822,RU
13181,RO
42841,SK
28870,RU
29069,RU
6830,AT
44050,RU
31599,PL
49580,CZ
44053,RU
43058,PL
8264,SK
61192,CZ
198605,CZ
56956,RU
59984,CZ
43459,RO
44068,RU
59440,RU
24690,HU
12824,PL
43451,SK
39439,PL
20486,PL
8251,CZ
59448,HU
201008,RU
29076,RU
44065,CZ
196695,RU
20483,RU
21328,PL
48810,RO
29078,HU
20485,RU
62127,RO
9110,RU
12418,RU
197550,CZ
39821,RU
197556,KZ
43045,RU
19197,US
43043,CZ
197570,PL
13335,US
198610,RU
39684,RU
24680,RU
41492,RO
6846,UA
35770,RU
201020,PL
202173,RU
44882,RU
6849,UA
44030,RU
24482,SG
28893,PL
59479,CZ
41691,RU
24689,RU
28891,RU
31573,PL
12442,RO
39817,CZ
28892,CZ
41694,HU
8283,NL
197565,CZ
41088,CZ
197566,CZ
61170,RU
21353,RU
15835,RU
43037,CZ
48808,RO
8997,RU
198814,CZ
47424,RO
59970,CZ
198813,CZ
49931,CZ
61165,RU
49370,PL
41095,NL
47979,HU
12637,IT
49373,RU
39698,PL
44875,RO
6856,RU
201934,CZ
198620,LV
201229,DE
198621,CZ
44048,RU
41486,RO
61169,CZ
42610,RU
202185,PL
6858,RU
42185,HU
62102,CZ
42187,RU
42189,CZ
59663,RU
52058,CZ
6862,SK
35768,RU
198829,PL
47438,RU
41097,PL
199298,CZ
12439,RO
43026,PL
29053,RU
25229,UA
48298,CZ
48297,RU
44532,RU
198115,PL
25227,RU
39904,CZ
21109,RU
47531,RU
15520,RO
48293,RU
196777,UA
12335,RU
24906,PL
15728,PL
39906,CZ
197277,CZ
198118,PL
25036,CZ
41662,PL
39907,PL
198522,PL
197284,SK
51086,RU
42676,RU
31225,RU
42678,RU
25220,DE
50300,GB
49675,RU
25424,CZ
43531,GB
50304,NO
44546,CZ
25238,CZ
39914,PL
201559,CZ
39912,AT
47522,RU
25234,CZ
62159,CZ
31430,RU
47520,PL
41670,CZ
34805,PL
196782,CZ
31025,DE
197826,RU
59730,RU
30898,SK
47727,CZ
47724,RU
56926,SK
34602,RU
15537,PL
57772,RO
35297,UA
43798,RU
197296,CZ
60600,RU
24756,PL
44518,PL
30885,RO
44712,CZ
59745,HK
51892,RU
25408,RU
31720,RU
198543,SK
44719,RO
31019,NL
47710,HU
43512,PL
61121,RU
35096,CZ
31725,UA
15757,RU
15756,RU
197013,CZ
198143,CZ
48004,UA
48287,RU
44522,RU
197019,CZ
44310,RU
31415,RU
34826,PL
197846,CZ
43506,PL
43507,CZ
201987,CZ
35087,RU
201581,PL
47703,RO
56624,CZ
47702,UA
51884,CZ
31500,RU
12570,CZ
21142,CZ
51674,RU
196739,RU
41621,PL
21287,RU
196735,CZ
24940,DE
31461,CZ
57077,CZ
25070,PL
198161,CZ
44816,RU
39219,PL
201328,PL
197875,CZ
31703,RU
57073,RU
44770,CZ
48257,RU
47775,RU
44104,CZ
44382,PL
12578,LV
41421,PL
44380,RU
198564,CZ
201169,PL
21156,LV
34845,PL
12389,RU
24936,RU
198884,PL
44501,PL
44500,CZ
51665,RU
57069,CZ
198167,CZ
201727,CZ
50538,RU
9064,RO
41638,RO
31514,RU
30851,PL
60998,RO
35060,PL
41434,PL
199024,RU
197862,HU
47767,CZ
61316,UA
47764,RU
43567,RU
198171,CZ
48268,CZ
15772,UA
48061,RU
35476,SK
35475,RU
12589,HU
61115,RO
30853,RU
48782,PL
42896,CZ
42690,RU
201732,CZ
42893,RU
201730,CZ
198591,PL
34199,PL
21123,PL
43757,CZ
196750,RU
48364,CZ
49616,PL
198176,PL
51653,SK
41601,RU
39235,CZ
49611,PL
43554,UA
48235,RU
199019,CZ
199220,CZ
197895,CZ
48239,UA
199948,RU
30844,GB
57091,RU
31059,RU
24914,RO
21136,HU
21135,RU
62178,CZ
44358,LT
196762,CZ
39489,PL
62176,CZ
31040,KZ
34867,UA
24724,PL
24727,SK
49884,RO
50515,RO
35046,CZ
51642,RU
49889,CZ
48249,RU
42291,RU
9080,CZ
198190,PL
43542,CZ
42294,RO
47741,PL
43541,CZ
57799,RU
198389,PL
41414,RO
49888,PL
30833,RU
16094,RU
197888,RU
31045,PL
47749,CZ
199959,RU
30836,HU
50937,RO
16083,RU
50384,GB
48347,RU
42484,RU
35236,CZ
24980,SK
35237,RU
35032,RU
200844,CZ
51638,RU
51420,CZ
48549,RU
50581,UA
34879,RU
200848,CZ
24989,DE
51427,CZ
50942,RU
51011,RU
197464,RU
57564,CZ
42473,AT
202003,RO
11666,CA
29583,CZ
197083,CZ
196901,PL
196709,AM
42477,CZ
51232,HU
198322,PL
197080,RU
48223,RU
16274,PL
57975,RU
56442,CZ
16276,FR
29388,RU
24971,CZ
24703,UA
57560,CZ
51437,RU
199711,CZ
51204,RO
44792,PL
197093,PL
51028,RU
16066,UA
48326,SK
6679,CZ
196915,NO
35214,CZ
200059,CZ
34898,RU
16265,NL
31484,RU
200822,PL
34892,RU
50923,RU
34352,RU
43982,PL
200646,CZ
200828,CZ
51400,CZ
51218,RU
51408,RU
51214,RU
51800,CZ
35000,RU
31297,HU
4436,US
51801,CZ
51210,CZ
25293,RU
25292,RU
199709,PL
198346,CZ
6667,FI
61338,PL
50355,PL
31494,RU
197099,PL
43998,UA
31294,RU
24955,RU
25496,SK
31499,RU
50911,RU
197201,PL
200000,UA
48304,SK
42441,UA
30134,US
6461,US
56470,PL
50348,CZ
30132,US
51879,PL
5578,CZ
42445,PL
61389,RO
33904,RU
33902,RU
49183,UA
61993,AT
49180,HU
200806,CZ
197029,CZ
34139,RU
35271,RU
31261,RU
51464,RU
35275,PL
6663,RO
5580,NL
51463,CZ
42246,PL
49197,PL
61981,CZ
31277,RU
196943,CZ
5588,CZ
48574,CZ
34648,RO
8778,SK
8779,UA
52201,RU
200678,CZ
51478,RU
42239,UA
15962,SK
57938,RO
57322,RO
44587,RU
6448,US
197227,PL
35263,HU
197459,PL
16026,RO
49164,RO
50322,RO
56450,CZ
56656,SK
57701,PL
16020,RU
20624,HU
31246,CZ
49160,RU
197451,CZ
197813,PL
42429,RU
61361,RO
57707,CZ
8595,RU
197815,CZ
8596,AT
33925,RO
57904,CZ
15169,US
200015,RU
25248,CZ
197046,CZ
35254,LV
201548,CZ
56456,CZ
62374,RO
201549,PL
196965,CZ
20616,RO
29329,RU
197062,RU
57710,SK
51843,HU
51078,RU
61370,CZ
51077,RU
61371,CZ
42417,RO
197801,PL
33937,HU
197804,PL
197444,CZ
16291,PL
34123,RU
43187,HU
57305,PL
197246,CZ
201533,CZ
29321,CH
198103,CZ
57007,CZ
16019,CZ
197059,CZ
47111,RU
20807,RU
50993,PL
29124,RU
6775,CH
43146,RU
34324,PL
21430,CZ
33895,PL
50991,RO
21433,GB
33891,DE
12998,UA
12993,LV
34521,SK
49403,RU
47119,RU
12722,RU
20771,GE
2852,CZ
47114,CZ
29134,CZ
52130,CZ
34315,CZ
52139,HU
33883,CZ
56499,RO
12714,RU
202051,RU
6777,NL
197410,PL
43355,CZ
47104,RU
41945,PL
20553,PL
43168,RU
33877,CZ
21416,RU
47131,CZ
21414,RU
28917,RU
39709,RU
33871,RU
51398,RO
29140,DE
62242,RO
49037,RU
51390,PL
202084,CZ
42511,UA
12976,RU
199524,AT
12979,RU
57360,PL
42518,UA
34543,RO
57363,RU
43362,RU
49423,RO
15935,CZ
46786,US
47322,PL
15934,RU
57376,CZ
47324,HU
20562,NL
21404,PL
28924,HU
52154,CZ
46489,US
51382,CZ
34339,PL
26710,US
202073,CZ
49025,CZ
51380,UA
42909,GB
42908,CZ
51185,IT
62432,RU
20763,PL
12989,NL
20764,RU
27678,CL
47129,PL
35816,UA
29405,SK
60470,RU
48712,PL
202018,NL
50952,RU
8636,RU
48719,RU
41711,CZ
20530,RO
35810,RU
8834,PL
28972,CZ
8641,RU
9206,RU
9204,RO
20144,US
51134,CZ
8369,RU
43117,PL
33842,RU
47349,UA
56891,CZ
57593,PL
8629,RU
50763,GB
8359,RU
28709,RU
202037,PL
16110,PL
13274,PL
52124,PL
52123,PL
50975,CZ
33839,RO
20829,PL
34300,RU
62206,UA
50971,CZ
8615,RU
41109,RU
8620,SK
6789,RU
58247,RO
50771,RU
36351,US
51154,CZ
8343,UA
58042,RU
43139,UA
20523,HU
60218,CZ
33821,RO
58232,SK
42005,SK
8607,GB
33826,PL
42000,CZ
33827,RO
28968,RU
58239,CZ
131306,null
47363,RU
35436,RO
8331,RU
200089,PL
47583,LT
44966,PL
39761,CZ
199350,CZ
60428,RO
3333,NL
48960,CZ
49203,RO
48963,PL
9049,RU
44154,RO
60628,RU
49488,AT
47196,RU
61050,RO
50031,HU
13249,UA
39198,PL
56858,RU
56857,RU
35640,RU
44953,NL
201149,PL
199361,RU
42021,PL
60448,PL
39392,CZ
60449,RO
11284,BR
201813,CZ
43832,RU
49218,RU
42972,RU
24599,RU
47388,RO
39570,SE
21169,PL
9050,RO
39399,RU
49813,RU
198099,RO
9053,CZ
60068,GB
13237,DE
60952,RU
13238,RU
60651,RU
56886,RU
59538,SK
199320,RU
31676,RO
60265,RU
49828,RU
60266,CZ
201805,RO
13230,RU
39174,PL
12779,IT
41349,RU
39792,RU
12773,UA
199728,RU
39790,CZ
13036,CZ
39791,CZ
39797,RO
13030,CH
16354,SK
9039,RU
21186,HU
41722,RU
58000,UA
198725,CZ
9032,RU
58002,RU
21488,UA
9031,BE
49830,RU
42708,SE
199390,PL
12767,CZ
35613,CZ
29611,GB
2607,SK
44190,PL
12958,RU
56827,CZ
42746,PL
47541,RU
50084,RO
56826,PL
12303,HU
199166,PL
48926,CZ
41790,PL
50080,RO
9002,UA
47156,RU
41798,KZ
28773,UA
48921,NL
47151,RU
16300,RU
6730,CH
49458,RU
198500,CZ
49256,RO
3303,CH
199599,RU
43317,RU
199180,CZ
39156,RU
41178,PL
39153,RU
197698,CZ
48914,RU
6939,US
197694,CZ
15703,NL
52176,CZ
60275,CZ
41560,RU
28785,PL
49258,PL
6740,CZ
59782,PL
13094,RU
29632,UA
62403,CZ
39547,PL
62405,CZ
41971,RO
39121,CZ
47562,RU
29182,LU
60905,RO
199189,RO
21453,RU
199572,RU
6903,RU
48940,RU
60416,AT
41591,CZ
59579,PL
6714,PL
43616,PL
47169,HU
6712,UA
43614,CZ
39133,PL
42759,HU
42754,RU
12739,RU
6718,RO
39134,RU
38949,SK
60018,PL
3160,CZ
21446,RU
60299,RU
12314,RU
6720,AT
43816,PL
28761,UA
28762,RU
28763,RO
42088,RO
56344,CZ
15629,HU
56349,SK
62026,RU
49779,RU
24638,RU
47633,PL
198014,PL
21205,CZ
197776,PL
39312,RO
49291,RU
43631,RO
56730,GB
25321,CZ
39112,PL
51774,PL
15425,CZ
57866,NL
61243,RO
47834,CZ
57864,UA
49973,RU
42775,RU
43638,PL
38952,CZ
44002,CZ
198420,CZ
25133,UA
56340,RU
59871,CZ
24641,CZ
21210,PL
62011,CZ
42377,RU
198023,PL
15632,RU
21219,UA
48166,RU
198027,CZ
25532,RU
201499,RU
25531,RU
198031,CZ
34740,RO
15435,NL
51764,RU
39102,RU
61258,RO
25539,HU
56747,SK
21011,UA
34911,CZ
44020,RU
44418,RO
51596,RU
196890,PL
198282,CZ
198284,CZ
47652,RU
48172,RU
5610,CZ
47655,RU
197950,PL
57884,RO
198278,PL
9198,KZ
56360,CZ
198403,CZ
42797,PL
31105,PL
30738,CZ
198675,RU
38981,RO
24663,RU
62032,EU
198673,PL
30733,RU
41554,RU
31310,PL
44424,CZ
48189,PL
47645,RU
25552,PL
25355,RU
15614,CZ
198002,CZ
49985,CZ
47640,PL
57899,UA
201476,CZ
198289,PL
201477,CZ
61270,HU
201893,PL
31117,SK
47848,RO
38984,RU
198669,UA
198668,CZ
34049,CZ
201475,CZ
35178,RU
201472,PL
196879,RU
5400,GB
49731,PL
30764,CZ
197735,PL
51531,DE
38991,PL
196873,CZ
21241,CZ
24806,CZ
197739,PL
21240,RU
29686,DE
60076,RO
198467,PL
60077,RO
30968,RU
47872,BG
61400,RU
48114,RO
34040,CZ
48473,SK
48474,CZ
43862,PL
198657,CZ
2571,CZ
51524,CZ
5606,RO
43860,HU
21257,UA
44237,RU
198460,PL
43865,RU
43866,CZ
25160,GB
50009,RU
56709,PL
37706,TN
43668,UA
60086,CZ
26415,US
43666,RU
34700,UA
15672,RU
24406,CN
198459,UA
201457,CZ
44927,RU
47868,CZ
198999,PL
51555,BG
48133,SK
198998,PL
31343,UA
30784,RU
198241,PL
34951,RO
43895,CZ
50426,PL
196853,PL
198991,CZ
34955,CZ
31349,CZ
44264,HU
197197,CZ
25308,RU
56717,CZ
62083,CZ
199803,CZ
44262,PL
199806,CZ
199805,RU
12695,RU
61225,RO
61425,CZ
25192,CZ
43695,PL
56712,PL
35199,PL
198232,PL
41511,PL
199101,CZ
56523,PL
60869,PL
51548,RU
196861,CZ
201044,PL
197393,CZ
201845,PL
35592,CZ
62075,RO
35598,RU
25189,RU
30975,PL
197708,RU
41311,RU
198051,PL
57188,CZ
61437,CZ
2541,RO
41318,SK
44943,RU
39326,GB
44672,CZ
198216,PL
50245,CZ
57174,RU
20701,CZ
42583,RU
20702,RU
34080,CZ
50241,CZ
50244,RO
50243,PL
197376,CZ
34277,RU
42306,CZ
37100,MU
50448,RU
200940,HU
50443,RU
44670,RU
16142,SK
16143,RU
201625,CZ
35328,SK
42575,RU
198223,HU
200172,RU
31370,RU
11521,US
34283,RU
4589,GB
201418,RU
34485,RU
200957,CZ
62099,CZ
34288,CH
51939,RU
196845,CZ
29245,PL
196843,CZ
44489,CZ
196849,CZ
31376,RU
48633,PL
34795,RO
31381,PL
57800,CZ
48467,RU
35357,RU
15682,RU
200161,RU
51712,RO
48661,CZ
15685,CZ
20884,CZ
34293,CZ
197353,CZ
50265,RU
51108,RO
15895,UA
198494,CZ
58511,AU
201608,CZ
31387,UA
48666,RU
31181,PL
196815,CZ
202109,GB
34791,SK
51517,PL
202103,UA
48464,PL
57158,CZ
34093,CZ
50258,RU
200155,CZ
35144,UA
8657,PT
10026,HK
50453,RU
24858,RO
30929,SK
48654,RU
56566,CZ
196822,CZ
15497,UA
16156,RO
48451,CZ
197933,PL
200525,GB
43070,CZ
51995,UA
197936,PL
197335,UA
197140,RU
197935,PL
48405,CZ
56771,RO
51731,CZ
57823,CZ
44430,CZ
196684,CZ
44436,RU
48689,SK
51727,CZ
15873,RO
15874,PL
51323,PL
34232,RU
20731,RU
197920,CZ
25371,RU
31133,RU
57629,RU
25372,UA
49058,RU
200130,EU
56786,KZ
29208,SK
201654,CZ
62261,RU
56585,RO
34781,CH
35361,CZ
35362,UA
15471,RO
200912,RU
196678,RU
50473,RU
24879,PL
196677,PL
42339,RU
200918,CZ
51973,RU
50222,RU
49060,RU
56592,RU
49063,RU
20723,CZ
45051,RU
42361,PL
201648,CZ
51343,RU
200115,PL
200114,CZ
42368,UA
47401,PL
196666,PL
197111,PL
197918,PL
34262,HU
51968,CZ
51744,CZ
197307,CZ
34765,PL
48417,CZ
20080,US
57107,RU
200933,HU
20708,CZ
29226,RU
45046,RU
