132515,IN
17488,IN
132516,IN
132518,IN
23658,IN
132519,IN
17483,IN
55944,MV
36236,US
55947,IN
131265,IN
12859,NL
62567,US
131263,IN
24178,IN
132527,IN
59215,IN
17495,IN
59216,IN
63935,IN
132520,IN
24186,IN
55956,CN
24185,IN
132524,IN
131283,IN
20640,DE
58898,IN
59212,IN
58897,IN
132785,IN
55494,IN
6468,US
132787,IN
58880,IN
132781,IN
17466,IN
58601,BD
17465,IN
132783,IN
132784,IN
20932,CH
15133,US
55918,IN
132777,IN
132507,IN
132774,IN
12880,IR
132772,IN
20258,US
132770,IN
131262,IN
1449,US
132779,IN
10077,IN
20464,US
58371,IN
131256,IN
131255,IN
132780,IN
58875,IN
58872,IN
20940,US
7598,AU
41811,GB
58668,BD
45202,IN
58664,IN
55470,IN
45205,IN
55474,IN
55479,IN
131222,IN
13101,DE
131226,IN
45219,IN
55917,IN
7583,AU
58659,IN
58656,BD
45210,IN
9580,IN
23682,IN
131232,IN
9583,IN
131235,IN
20965,GB
200614,GB
24193,IN
26828,US
58641,IN
58642,BD
8071,US
23879,US
134411,IN
58640,IN
4983,US
23870,IN
26178,US
7568,TH
23872,IN
13778,US
55459,IN
9329,LK
23664,IN
45235,IN
45232,IN
30437,US
55446,IN
134426,IN
55441,IN
131218,LK
131215,IN
23860,IN
55448,IN
131210,IN
133309,IN
56193,IN
133307,IN
24468,IN
131473,IN
3680,US
133301,IN
132317,IN
133304,IN
55433,IN
133305,IN
9752,IN
133317,IN
55429,IN
133318,IN
55428,IN
132998,IN
132322,IN
132323,IN
24103,IN
132990,IN
132329,IN
133313,IN
132995,IN
24109,IN
133314,IN
132994,IN
131468,IN
132996,IN
19151,US
132711,IN
16477,US
32614,US
132717,IN
24448,IN
133589,IN
131458,IN
131459,IN
132984,IN
132981,IN
55410,IN
21054,GB
133593,IN
133592,IN
133591,IN
133590,IN
132572,IN
132303,IN
132977,IN
132976,IN
133597,IN
40191,CA
132978,IN
133598,IN
25091,CH
132972,IN
132974,IN
48075,BE
131442,IN
132971,IN
132308,IN
132970,IN
132587,IN
38191,IN
132960,IN
132135,IN
55709,IN
132963,IN
132964,IN
132961,IN
132137,IN
132962,IN
132968,IN
132965,IN
9829,IN
9823,AU
38810,IN
9830,IN
132768,IN
132556,IN
55711,IN
55712,IN
55713,IN
38188,IN
132761,IN
132559,IN
132760,IN
38185,IN
55717,IN
9796,IN
132763,IN
9396,IN
132144,IN
9501,IN
132950,IN
132952,IN
132954,IN
132957,IN
132571,IN
132562,IN
132756,IN
132561,IN
56166,IN
132564,IN
132759,IN
132566,IN
29076,RU
132568,IN
132567,IN
20485,RU
33517,US
132751,IN
132151,IN
132753,IN
38174,IN
132754,IN
132152,IN
132941,IN
37982,IN
132338,IN
132335,IN
132948,IN
11174,US
132945,IN
132946,IN
132943,IN
132944,IN
132535,IN
24485,IN
132747,IN
11179,US
41695,GB
132539,IN
21758,US
132931,IN
132349,IN
132166,IN
41095,NL
12637,IT
132346,IN
9836,IN
132937,IN
24126,AU
132939,IN
1873,US
132341,BD
24127,IN
132933,IN
132343,IN
132935,IN
24477,JP
24471,IN
132351,IN
132540,IN
132542,IN
132175,IN
132547,IN
132171,IN
7754,US
55741,IN
18229,IN
38546,IN
55740,IN
38740,BT
38743,IN
18222,null
18225,IN
38746,IN
132108,IN
18223,IN
134235,IN
25220,DE
38139,IN
50300,GB
43531,GB
50304,NO
39915,IE
12128,US
39912,AT
55757,IN
38536,IN
37287,ZM
38538,IN
24501,IN
31025,DE
133520,IN
25432,DE
133388,IN
38314,IN
18723,US
132390,IN
9885,IN
133902,AP
56224,IN
17665,IN
18209,IN
38529,IN
18207,IN
37273,UG
17660,BT
132388,IN
132387,IN
12350,CH
4637,HK
38720,IN
38310,IN
31019,NL
55526,IN
132122,IN
38312,IN
132121,IN
55529,IN
55734,IN
38324,IN
3738,US
56211,IN
132377,IN
55535,IN
132378,IN
133505,IN
133506,IN
132116,IN
133968,IN
55782,IN
133969,IN
133966,IN
133967,IN
56202,IN
133964,IN
133962,IN
133963,IN
133961,IN
56209,IN
7991,US
55507,IN
24539,IN
45636,IN
45635,IN
134000,IN
55780,IN
134001,IN
25074,DE
17648,IN
134009,IN
134008,IN
134007,IN
134006,IN
133977,IN
134004,IN
133978,IN
134002,IN
133973,IN
39202,GB
133974,IN
133976,IN
133768,IN
133971,IN
133972,IN
45625,IN
134011,IN
134012,IN
134010,IN
55510,IN
45624,IN
18064,IN
134014,IN
134015,IN
134018,IN
55764,IN
134019,IN
23154,US
2697,IN
45884,IN
45885,IN
7088,US
133552,IN
30844,GB
134020,IN
24515,IN
134021,IN
17625,IN
134023,IN
17624,IN
134027,IN
134024,IN
19898,US
21948,US
55779,IN
9730,IN
133372,HK
133366,NZ
45609,IN
134030,IN
134043,IN
134040,IN
50384,GB
45863,IN
45132,null
51830,BG
6421,US
17806,BD
131788,IN
131787,IN
45670,IN
8529,OM
24989,DE
134035,IN
17803,IN
134036,IN
131993,IN
134056,IN
134050,IN
45663,IN
45661,IN
42473,AT
11666,CA
17818,IN
17817,ID
58587,BD
133727,IN
37013,TZ
133726,IN
133724,IN
45469,IN
133723,IN
17810,IN
45660,IN
133721,IN
133720,IN
134047,IN
58405,IN
45466,IN
17813,IN
134048,IN
17815,IN
45845,NP
45655,IN
45150,IN
45841,IN
45154,IN
45153,IN
133990,IN
133981,IN
133713,IN
133980,IN
133716,IN
23197,CA
16265,NL
45157,NP
133715,IN
133982,IN
7926,US
133718,IN
58419,IN
133717,IN
133984,IN
133986,IN
134059,IN
133989,IN
133988,IN
134057,IN
133710,IN
26344,US
133712,IN
45857,IN
45644,IN
38594,IN
38799,IN
45851,IN
45850,IN
45649,IN
45648,IN
18001,LK
45854,IN
18002,IN
45853,IN
133994,IN
133992,IN
133703,IN
133998,IN
133709,IN
133708,IN
133707,IN
45148,IN
18008,IN
133995,IN
58429,IN
133706,IN
58428,IN
133999,IN
133701,IN
133700,IN
10125,IN
45820,IN
30132,US
45825,IN
45433,IN
45432,IN
16815,US
18705,CA
17453,IN
17447,IN
36926,KE
45830,IN
45161,IN
38571,IN
38573,IN
10102,SG
6448,US
17443,IN
38306,IN
58594,IN
45194,IN
17439,IN
58590,IN
45196,IN
58592,IN
17436,IN
45694,IN
45801,IN
55563,IN
38565,NP
31976,US
45804,IN
55566,IN
17825,IN
45693,IN
17820,IN
45415,IN
16838,US
45417,IN
58597,IN
37020,CD
58599,BD
45184,IN
17426,IN
45815,IN
17830,IN
55574,IN
45813,IN
55577,IN
55578,IN
55570,IN
38557,IN
22764,US
45189,IN
17423,IN
45484,AU
33480,US
53813,US
56093,IN
28939,GB
58725,IN
40009,US
21433,GB
33891,DE
151,US
45284,IN
46068,IN
45487,IN
24397,IN
58717,BD
58715,BD
24392,IN
45491,IN
24391,IN
7487,IN
55360,IN
58714,IN
24080,IN
24084,IN
28917,RU
29140,DE
41935,FR
19239,US
58732,BD
59335,IN
30337,US
51185,IT
12989,NL
14361,US
20764,RU
58762,IN
116,US
16509,US
58766,IN
33182,US
202018,NL
45243,IN
45241,SG
23752,NP
58462,IN
9498,IN
58963,IN
58965,IN
58964,IN
55333,IN
58761,IN
58760,IN
58966,IN
125,US
45117,IN
14537,CA
32590,US
58457,IN
24049,IN
58759,IN
40034,VG
45119,IN
50763,GB
132893,IN
55351,IN
23770,IN
45916,IN
45915,IN
7473,SG
131317,IN
58442,IN
24055,IN
23772,IN
45264,IN
36351,US
58986,IN
55352,IN
55353,IN
131314,IN
58984,IN
58438,IN
37616,GA
58432,IN
45271,IN
24063,MY
131308,IN
45272,IN
55341,IN
58976,IN
58972,IN
23768,IN
131302,IN
37620,CM
132860,IN
24327,null
134306,IN
56290,IN
132867,IN
132453,IN
9653,IN
132459,IN
39386,SA
4195,US
24319,SG
44953,NL
24003,IN
24004,IN
13445,US
132055,AU
13237,DE
9430,IN
132884,BD
9227,IN
24216,IN
58949,IN
9223,IN
48989,null
3321,DK
132477,IN
132065,IN
132208,IN
12779,IT
132871,IN
24332,IN
132878,IN
39792,RU
38902,IN
9238,IN
24023,HK
24222,IN
13030,CH
24331,SG
9418,AU
42708,SE
132075,IN
132215,IN
24236,HK
38029,IN
24560,IN
29611,GB
56056,IN
132823,LK
9285,IN
132043,IN
132041,IN
10199,IN
18676,US
132417,IN
37662,MU
55814,IN
132415,IN
38021,IN
132410,IN
8164,US
59181,IN
14343,US
24550,NP
132220,IN
21874,US
25605,US
133412,IN
132045,LK
132052,IN
38275,IN
55806,IN
59196,IN
132051,IN
59195,IN
55804,IN
15703,NL
132423,IN
24558,IN
56064,IN
59193,IN
56061,IN
38015,IN
38271,IN
56268,IN
132613,IN
24554,IN
29608,FR
132420,IN
58909,IN
132234,IN
58906,IN
56272,IN
38930,NL
58902,IN
132239,IN
59169,IN
59166,IN
58702,IN
59165,IN
58703,IN
58700,IN
55836,IN
59162,IN
59161,IN
55839,IN
59164,IN
29636,IE
55831,IN
38000,IN
56077,IN
55832,IN
56285,IN
19460,US
56283,IN
3573,US
132830,IN
132028,IN
55824,IN
59179,IN
9666,IN
55823,IN
59172,IN
132441,IN
24574,IN
59170,IN
132440,IN
9941,IN
132445,IN
24374,IN
132447,LK
132251,IN
17783,IN
17786,IN
38058,IN
38053,IN
132272,IN
133257,IN
38233,IN
133256,IN
133255,IN
55847,IN
133259,IN
10201,IN
133258,IN
133638,IN
133260,IN
56730,GB
57866,NL
132005,IN
7602,VN
132004,IN
133262,IN
132267,BD
55644,IN
133246,IN
133245,IN
38241,IN
133247,IN
48166,RU
133249,IN
23930,PH
133251,IN
133252,IN
15435,NL
133253,IN
23937,null
38834,CN
133660,IN
55862,IN
11757,US
133239,IN
10225,IN
133238,IN
38457,IN
1077,CA
22652,CA
133236,IN
7633,IN
133234,IN
133233,IN
133232,IN
133241,IN
133242,IN
38451,NZ
133240,IN
133658,IN
23903,IN
18101,IN
133657,IN
23901,IN
133655,IN
18105,IN
132911,IN
133650,IN
133651,IN
132282,IN
133229,IN
4766,KR
133226,IN
133225,IN
133228,IN
38261,IN
133227,IN
10215,IN
38468,IN
55879,IN
38266,IN
38461,IN
15412,GB
133230,IN
133647,IN
133648,IN
133649,IN
19637,US
133643,IN
133644,IN
133645,IN
132927,IN
132924,IN
38857,IN
132278,IN
132923,IN
12257,US
133298,IN
34971,CZ
4755,IN
4758,IN
133680,IN
17748,IN
17747,IN
133672,IN
45769,IN
56107,IN
18120,IN
133676,IN
56108,IN
45760,IN
38476,IN
45767,IN
45765,IN
133288,IN
133491,IN
10239,IN
38872,IN
17753,IN
37342,MZ
37343,SC
132497,IN
133671,IN
25160,GB
133661,IN
133664,IN
133665,IN
133668,IN
38874,IN
133667,IN
17754,IN
133293,IN
38207,IN
45774,IN
72,US
23976,IN
45775,IN
38205,IN
133295,IN
133297,IN
38204,IN
133296,IN
23257,US
133278,IN
37934,IN
133276,IN
60092,BG
37376,SS
38625,IN
17762,IN
45513,IN
45514,IN
133699,IN
133698,IN
134122,IN
36873,NG
32062,US
133695,IN
56124,IN
24309,IN
133285,IN
45519,IN
133283,IN
133282,IN
133281,IN
45518,IN
38219,IN
23941,IN
133269,IN
38224,IN
133266,IN
133268,IN
18610,US
56110,IN
17771,IN
133692,IN
133693,IN
56312,IN
38615,null
23957,IN
133087,IN
133689,IN
133684,IN
56114,SG
133683,IN
133685,IN
133273,IN
12008,US
10455,US
133272,IN
133275,IN
133274,IN
133469,IN
133271,IN
39326,GB
133270,IN
1294,US
10406,US
11537,US
15084,US
18166,IN
45536,IN
45535,IN
18167,IN
133055,IN
17903,IN
45334,IN
58537,IN
45335,IN
45927,IN
45337,IN
37100,MU
58678,IN
17908,IN
45528,IN
45526,IN
58682,BD
45525,IN
17913,IN
131891,null
17912,IN
34288,CH
17917,IN
17916,AU
45742,IN
22853,US
23984,IN
45350,IN
17723,PH
45747,IN
134161,BD
45749,IN
133028,IN
45357,IN
58511,AU
45944,IN
109,US
133025,SG
17929,HK
45942,IN
202109,GB
133856,IN
100,US
24863,EG
45756,ID
23994,IN
26057,US
18172,null
45340,IN
134173,IN
58522,IN
10026,HK
133037,IN
133036,IN
45955,IN
45954,IN
58529,IN
10029,IN
37133,TZ
45573,IN
37550,CG
45574,IN
14857,US
37140,GH
133001,IN
133002,IN
131181,IN
133003,IN
133005,IN
133006,IN
133007,IN
133008,IN
131169,IN
197329,UA
18196,IN
31133,RU
200130,EU
29208,SK
7131,GU
17541,AU
34781,CH
55296,IN
131170,IN
5087,LK
45596,IN
15850,RU
37164,SL
36408,US
37577,BF
45591,IN
133000,IN
20080,US
45582,IN
131190,IN
