43937,EE
34326,EE
8220,GB
50794,EE
62024,EE
57201,EE
3333,NL
42012,EE
12859,NL
43017,UA
20632,RU
42016,EE
198966,EE
42480,LV
59725,EE
37100,MU
42300,EE
25220,DE
50300,GB
43531,GB
24989,DE
50304,NO
200171,LV
8492,RU
39912,AT
47525,EE
31370,RU
24645,LT
44953,NL
4589,GB
196785,EE
39301,EE
198795,EE
48166,RU
31025,DE
8728,EE
20640,DE
57873,EE
3491,US
57972,EE
19151,US
34288,CH
15435,NL
197517,EE
13237,DE
5413,GB
28917,RU
29140,DE
61328,EE
6679,CZ
8240,EE
20932,CH
174,US
12976,RU
200823,RU
5563,RU
56413,LT
31019,NL
201601,EE
3221,EE
199328,EE
8447,AT
8426,GB
12779,IT
20562,NL
39792,RU
25091,CH
44839,EE
6667,FI
197289,EE
3327,EE
8657,PT
10026,HK
2586,FI
47478,RU
51185,IT
3332,EE
12989,NL
20764,RU
51504,EE
42708,SE
34729,EE
48487,PL
21147,LT
30132,US
202018,NL
39211,EE
35407,LV
61307,EE
8468,GB
29686,DE
200804,EE
9002,UA
9304,HK
48588,EE
41798,KZ
13101,DE
12563,EE
5580,NL
6730,CH
198068,EE
60485,EE
61189,EE
31081,EE
31133,RU
28886,LV
200130,EU
196743,EE
29208,SK
12757,EE
25160,GB
50763,GB
6939,US
34781,CH
56588,EE
29076,RU
34702,EE
26415,US
39823,EE
39821,RU
39632,EE
3249,EE
13272,EE
30784,RU
44929,EE
4739,AU
28955,EE
43958,EE
198379,EE
8283,NL
36351,US
30844,GB
8997,RU
24589,LV
51349,EE
199800,EE
60415,EE
43881,EE
197060,EE
39038,EE
43883,LT
41095,NL
57858,EE
12637,IT
48412,LV
49604,EE
198632,FI
61952,EE
47609,LT
20080,US
200107,RU
1200,null
201038,EE
35106,GB
43682,EE
39326,GB
3267,RU
