8881,DE
41520,KZ
5434,KZ
60186,KZ
43934,KZ
15943,DE
15945,DE
50386,KZ
39188,KZ
8928,GB
20578,KZ
41664,KZ
200770,DE
51833,KZ
59498,RU
198834,KZ
20632,RU
41124,KZ
33959,HU
8422,DE
47192,KZ
34879,RU
41750,KG
34372,DE
20583,KZ
51236,KZ
15736,KZ
8732,RU
49095,KZ
51363,KZ
8393,KZ
39578,RU
48166,RU
51162,KZ
48535,KZ
25534,RU
197079,KZ
34609,KZ
8437,AT
33878,KZ
28910,UA
3215,FR
28917,RU
51192,KZ
25349,KZ
56698,KZ
35673,KZ
513,CH
25548,KZ
9198,KZ
15549,KZ
25152,EU
200962,KZ
4809,CN
47139,RU
48007,KZ
42597,null
198200,KZ
25091,CH
39792,RU
3327,EE
48503,KZ
57950,KZ
20661,TM
42909,GB
31525,KZ
48502,KZ
43999,KZ
43994,KZ
48450,KZ
8430,RU
56568,KZ
12764,KG
43873,KZ
57826,KZ
56968,KZ
41371,KZ
39725,KZ
48716,RU
44775,RU
197686,KZ
35566,KZ
21282,KZ
62111,KZ
9002,UA
20144,US
60286,KZ
41798,KZ
13082,KZ
29355,KZ
55330,AF
50482,KZ
12389,RU
35168,RU
41800,KZ
59583,KZ
61010,KG
31133,RU
21299,KZ
59443,KZ
61392,KZ
49393,KZ
60708,KZ
29555,KZ
8825,KZ
39433,KZ
29076,RU
20485,RU
39821,RU
72,US
197556,KZ
39824,KZ
47613,KZ
49696,KZ
41007,KZ
41284,RU
61367,KZ
8720,KZ
51979,KZ
47237,KG
43601,KZ
198787,KZ
16525,US
200590,KZ
29046,KZ
200688,KZ
44653,KZ
57013,KZ
60411,KZ
57466,KZ
35189,FR
31253,KZ
25255,AT
24722,RU
31040,KZ
20900,FR
12312,DE
35104,KZ
29056,AT
41419,KZ
41413,KZ
22764,US
28825,RU
